"id","game_code","status","game_id"
6,"1MwvtVUWDrPXnsoY2tQNCrmKxASQfNRToo",Available,39
7,"1J1LzzGmRgKGSFpGoTzRSz7NoQ2V3YtTVq",Available,22
8,"12ArxxzZmySjAywBJnCyd443AT7jQVj6Ws",Available,35
9,"1LnV1AigDaQt7BLtXu23a3juRMg2fQdrUZ",Available,13
11,"1913hDeUArMNDbseJLqNJdDdK8rTppKxSP",Available,43
13,"15DsyKdxoRCySJdPERfarukGFEeiBeQMgf",Available,7
17,"13iRx2u1fCxfWfRw11UbmdrwH1x7BTFLT5",Available,6
18,"1KRTxobFyFqdHdWS4gTwmpnprRgZDXGcQu",Available,23
21,"1Gk1M7YEQT5UQqteJrYBnZFN9kmH7mzH72",Available,44
23,"164di97jbgRShrwbwVkook7WJAHsLQtaZy",Available,32
29,"14ELewcQUQAdHC5jCLLbZuQ7AZFQuj19E3",Available,1
32,"1JyjVoS6nxPWbfoxmugJVtfJLc5nDw73Rz",Available,36
34,"1EN8wPdwArJ9CiNcKoLRQUnorS9siQwdWb",Used,18
36,"1LUs9sQWqtMsXhP3sLzUc1NUqK5dxjaCBK",Available,45
37,"1391dmeyLUEy1eniYxMHfKXLqdczaLJoVJ",Available,25
40,"14HSUMw9AdmhewQxBwVCcKTurRcNHeoVDn",Available,31
41,"1ByXe5uhdLfq4aqNPAEzpHAgvHtzBN8qZS",Available,5
44,"1Jk1iCCn4XTXh1WNoTCq5oyfte1Z6oycKR",Available,10
50,"1FFwUjgpuknMG6sE91vWzTUAsdRQgUdd9n",Available,24
53,"192Y1gPa4YMvKKkHwUBiQJX9T1pVMZxCnq",Available,19
58,"14FXvnXMm18bgoqqb4ehM9MVWcuTXMYdNm",Available,33
62,"1MzhVh4Ci1ZZb2xmrg67zm8U29wtFZmvpn",Available,33
68,"1QKpK6DPPnEmKSaEM8LQnmQf1am5urBdAh",Available,12
69,"1758QxfkHNuQqLvfBGgfdea9dxCDhE9T7E",Available,21
70,"1FV56UzLuEoKDeV9mC78hwVWZgZZohZXzq",Available,46
73,"1NUGVP6reFcU7QrABtwHmTytnhtNai9E7P",Available,2
75,"132K2AqYd3u4zYhMeGvFGNv9PNnJmwPo5C",Available,5
77,"1FMokxicedyPQ8EhYbezfPohUVdkZpdjnb",Available,31
80,"1DNuHWNSHzEyK35BZB9ax1DArxQ5c5aD5j",Available,16
83,"144X1xsrv1unp8mQ4n1B2qYAQFk2oV6Chj",Available,15
92,"134B2djbb8eYeBTXiocBmfR7D2zAEYqVXX",Available,27
93,"1LYJ9k33jbweV8FAyPRVfovC87DGM2Buf1",Available,21
96,"1GnZDzztsJeutASmn8HPYQ4HU6uwxNyzaZ",Available,9
97,"1CPU6MLtSKFtdoG8Sc7S94SGCS81wWWQRk",Available,35
99,"1pxhfi9MjkyRPGyiACuMhQyDoXy1VisbE",Available,26
102,"1KS9FvtZTPYfAwCamkSJRXUeH8d36v8LaT",Available,2
3,"16DZ1tg2dLgJLqCTHzrBrUfBHv31AwXmnJ",Used,38
4,"1Q6S4LALJ8t94xDN72wYCaudbCKLoxmUmg",Used,10
10,"1pXa9BqLcLTrf3v6mcwRggxShDLS5LGA3",Used,13
12,"1D6cvBAXvex5wBvuXeb95Eamg2qPWUAmRL",Used,30
14,"19LHC5VNiesWx45K6PoJB8vEUiYMFDSNEg",Used,34
15,"1KxcWp1qUc5daRZwvEFswvrwwetS63kW2s",Used,15
19,"167GLunamMopwvXw3NgQsRjjimLtpRWuk7",Used,36
20,"16AaMBtCkF6Evb559wMWXrtRitu9ZfBvZA",Used,21
22,"1Mnz7ofYYjFoRoauZN6przq4rdgfZPwCQd",Used,35
24,"1KYDLWmX2LV7FSFXYdaQtzWt3MFgQ5WDvR",Used,21
25,"1B97qyA7dJsZADnadkWgiqs9JXFFFLcZxS",Used,42
26,"1BKagqkoCNnuFvrdwMt7Kpmq1R6xiFBaNs",Used,37
27,"19bbpvTXWA1rnAYR3crhku9Rx46zYsZBMZ",Used,42
28,"154n91aTtyXqRX2547o41mghc8o74bCijs",Used,42
30,"179yYw7Z23P2UVf7nBMs7zAgVhBNDkijLJ",Used,27
31,"16n6bZXh9UwB3JJv1pYnHwmT9AKnVPQGU9",Used,27
38,"1NoTpU51Pxuijtf4BTngTZnvVjTy6ZzCUu",Used,22
39,"19wDijZJwBWRSfkx7WSwzszBou9Nsji4Ep",Used,36
42,"1Hd3snZN3txDmhquyqkgicaffajfRYJiuf",Used,8
45,"1Ncym6zLU8a7asFofQnsQTBTS94NPRyLPA",Used,1
46,"14UtCjXe9zeXtwJhfNvVh58A3tTvJybjVa",Used,39
47,"1BdU5SC8y6mnqqm6ST2wP35hzuX3UYxDXC",Used,19
48,"123DiT8FaYjWo3qKNiWU3rXSa5H6QWS43W",Used,41
49,"16YveW3LTPrEycK3Ju4KB5aih4gsTbJLww",Used,35
51,"19EQ1U6JTXfPiWHsbLEGyTdr25zFqXUPP8",Used,3
52,"1NsLFQjThcMoASCczXXqEZn2xNx7STSDG8",Used,1
54,"1NWH8faxRvvyczDBUGnKXs8h879wyLihgx",Used,30
55,"1Ah49gxFqZkUs5fkLAML2xQwsy6NSZLcuF",Used,17
56,"1LyWifS4SnoJDv6GRmfxk5Hi4Hdi71hNeS",Used,2
59,"13evYgKL3xdb7JeGGvTgyywsBuvj8j4SZN",Used,26
60,"1ASfaaq5BaFUMc3WUYNQEA3yn4fiSe4qs7",Used,28
61,"15DASdML9teMTc6msRH9LgC4pFXcm6zXFU",Used,41
64,"1HZ4HMqJLAfhpzWi4kNYVeyk8SYTUSHUyY",Used,42
65,"1Khmioa7Nm7TyyxRP8cuyEAjwmMPHNTWhV",Used,8
66,"113Wj4VEdiLnEuUXJQokH1yC72bS9h56nP",Used,24
67,"19FKeVfMB44knwXoopa15M3e5v67zXjW17",Used,2
71,"1CXT1rCCqP1TA9UxKzXiG58B1f1QUqW8jZ",Used,22
72,"1E8shi3w46RdjnvRLFsm53ubYN3b7JKERj",Used,31
74,"11EUBVfq5rEYcWX3n81HCP61261E135me",Used,11
76,"1NKSeCN3epwqNNApwdLUxiWbtx3ZhfnrC8",Used,20
79,"13NJELyJUDvpvmBVPibjW9aSshC67gw5Fw",Used,11
81,"1G2BcqLcvc8Rrw7SgNwxKSYLJYcjfTs36K",Used,10
82,"174iB1n6K1ZVWi7m5EaG6UwPRMj4StZNLy",Used,31
84,"1GVRxN3D59i8m5DMdKjFmvRBPFQN1FpDfA",Used,8
85,"1DxnWdp5XRBKDfQxm7CwEpTvPg3N49jWKC",Used,38
86,"16pMoGXkF45zKB8YTKMhNobcfGmmtq8fSD",Used,37
87,"17qFZQqufaFWouG3MN8xCsMUgF8NH7etQ5",Used,34
88,"1K332dmvDziNHCccuDyEA4GkXNfdCHmoPA",Used,11
89,"1GUaLNY7skcm7XaAJED3UZtrcGwXCT1sA7",Used,21
90,"1A4KiXPmLHSbmk5oqq6D4HMzS6dPLEHjxE",Used,25
91,"14kZBUpxvBXSX6rTkbjQ9n5kz4UkZxn8jZ",Used,42
94,"19EA1raLThWkSNs78gpGrbbEhfZUyXgd4",Used,12
95,"1DmRwh92WNV3eMgQg4BrTvayuQuhsJnZi",Used,30
100,"1BsiokX1Gg9MRFpt2ZWuiCNjFwJLZ7mLFB",Used,5
101,"1B19fKuWAXF3e1G6hDiiMJuFXumdTV2WSX",Used,31
2,"1Ae6vaTL5AsGyr4dceCeDf67viaNZNcquh",Used,27
35,"1NDY1kNbFXYFUTsr7e8NcU7SShj2UpvgfX",Used,27
57,"1NReMC6KtJSfSE54SsJefPFWp2mu9oASmu",Used,16
107,"1Eu66xAigyMt9d5pRdYCFDCKvB6wx8GTn3",Available,14
110,"1GHP8utzPbmFPjsd7eSMmCEnYQbbSjdXi8",Available,34
111,"1n4bH31Q3MoynuHPG7QPGVkaGABVsmryP",Available,34
114,"1LtyR53yu1W48cwp3mqJRBnrzBcjSBUhor",Available,18
115,"1JrrNacxEfZtDtkGuR6vJpDL1R5osup1RU",Available,9
119,"1FFmqZSmoGVAnKNK4GJkwdtWPeD8ScrfDb",Available,37
124,"17UWh3Xd2KUmQhiJvULBLrDH2CPQiWiBBs",Available,21
125,"18GUUqJNRvZmbyeskc6oL5iS6L2NpXA5e2",Available,3
127,"1LXbuMY2wL8VR3xiY4QXNcUcki63oocXyq",Available,22
130,"1MDjLE4haanRwzaSNQBjux8T2R28CLzhFj",Available,16
131,"13EoY48eXGAJPLWBR6ykqyK6XcLEy8Vc4F",Available,14
133,"14bQ6sqRGvvixyp8uFcbgnocmcY15WENid",Available,28
140,"1HbP8X1RjsNPtihUC9H2pw23ot6kRBxLpM",Available,21
147,"1EsfuAKarRXTLfw91A5fMQaHpUByAPz5tL",Available,15
148,"1BmYfY5wZPTJ9Z9uHJiyR6bbjZWvTU9fk9",Available,32
151,"1Kk5P29Ny6fuAghjCryioAzt9kp8XGQGhn",Available,33
154,"18S6GzJByiasvh3oYS7oaZiDzUasMqyqaH",Available,19
155,"1vZ99H855MXQSE9fyQ1EoyzosZSRwMrYS",Available,37
159,"13hX4QnWHeRZRcW83Prbbt6YxoUzg66QWB",Available,31
160,"1KFuf9rDziYoLjHXjpMEzk8jNUbTaF8FoH",Available,32
161,"197xnwcMriP684aYZopDfPG6bBBqqLRfGx",Available,21
163,"19ps1iygveZyaNFTuneffgLc9JcVtF2qr3",Available,27
165,"1MhsfhxQcNkp4Btmg5LjjwHD2dYdkZMASz",Available,11
166,"1ARoUngTwqss7N5TEpa34xxjP9wgm5vE6Y",Available,17
168,"1F3C3CcbcekdQFhQqnTbsDEcATcbno4Nwk",Available,25
170,"1MrrA9PYcmYsaeG3jDrUbnpLMPtfXpo4b3",Available,28
171,"16dxTD8FVfi2JcH5KejfcBWTyNHFiVKnAa",Available,13
174,"1Jqjn2kQwjAWh9GahKcWYznEvWXyRNL9ue",Available,37
176,"15dC4frsTBZCi73kvcRbsF5VzxNFiaGxpS",Available,15
178,"146PvTEk5TWVBnHFSj7VCuXAyB5mcAt5pZ",Available,12
180,"1MLKPvJ1SUK6ZkqoGXn93KTchLM24z4m2a",Available,39
181,"1PxB5AXD5Ca7N5cwhU4oUqkNZCaKKAsb4H",Available,5
187,"1EfYqsyhFss4uP1FvZWAqkucqwJFMXTudG",Available,35
190,"1JxRAbRVfEGftsm1Uk3G5uQ6EEjkarbmyL",Available,31
193,"1MtKHyQdDUBysDzNua8ybf86EQN5oNDdF",Available,37
194,"1EW1fHhtusKwyemHFLvqW3DgRoqtvCaot",Available,4
198,"1AmLhrTtq6by1zVzDBJ9zPgCcXDpiQjSM",Available,4
199,"1GcticvpzodVFWPf86sp8XQDWKLBcUBj5H",Used,39
200,"16VoUUnErAuQtD2EdgejR5miX7NUbJ9p1g",Used,4
104,"13MaG33KC6J1tTXXWCuhuaeCb1n2sgvt4v",Used,40
106,"1AnvpgSkwuwaC1c98q4fPp5zv5U2FBSTot",Used,40
108,"19oRKCxNje5upJ9JXew7WRzeq3e9Nzaxqv",Used,3
109,"1K7PMTMajPk8Q9tsiEMVrJLS5bnTex7Rkx",Used,31
112,"17GDVWzD9NqzMa8yHHKWxKKDWvmxvizkTS",Used,39
113,"14e1iA5sCB9TXzDBoqvNACgaaFQth2Njt1",Used,15
116,"1sggSDwyK7ST5GoQ1HuZ5ARBL5DGx9JEa",Used,41
117,"18YHj7kQVoWLWEofeH6u37QT7gjMGBesr",Used,32
118,"1LtfavV6dD47KJLFTwDR53dL64SazxByxC",Used,36
120,"19TNX6htW4L2u5Psbye6SvULXpvHvfaQE2",Used,7
122,"1GqMG2JHx4dNdfY5Ci9tcvwUXgM6NEUa92",Used,25
123,"1BLobc1n8JSANYAeZYJ6dSv87SSYeq5mX3",Used,41
126,"1KvbGQRPh2LxoNmj5UdjESACTgEnMLHSNM",Used,3
128,"19DqTBuwVzEnpP93M9EQCNyusrHThAfdPN",Used,11
129,"13TZBcqhHpozDfTMNNEVNSq47rDoRBcU9o",Used,42
132,"1KvwdxAyEpTv42BYLTxZsZarV3oScNiNwQ",Used,12
134,"16n9kSiHLsET9cVcjHCcGQZsguU3LenALP",Used,5
135,"1B6vVU7i8PFSS4AtSwN7EMBzbav65ncWwd",Used,42
136,"1DUk2UmACNoYwZnxyVRRpNhs8ESNVrANDc",Used,20
137,"1NptH1CzBwXboikZD1vPDFVZCsH4wBHmwY",Used,34
139,"1EbQ4WCgG7aSfW5BELRc4HNvJ4VAoLzhWX",Used,2
141,"14y2rX1ZJuxL3faPCGuyw8qgg3XuWMxPRk",Used,12
142,"1LPWmCa9xADBqhhsJXztS67FycrNNj8DDs",Used,2
143,"1JC81fXLBQM2azLHcpGfVXiPNC7xWtkHmT",Used,21
144,"1Cx6vL7gV85AwwaPVqi3WcDLveQiHxesbg",Used,38
145,"16wHF9F2UYCmp1p4kZszajNuRQpRRYWtUi",Used,29
146,"19AmsTYnx8RAEWmXJ9DR2bgZiuNaexrHEL",Used,12
149,"1LS8Y8EksNqSRPGtN3St1fLfQEfCNrbiMT",Used,1
150,"1TcfvcPbPyQn6nusB92hxVG7R2QVFbmMT",Used,6
152,"17DDe1ttntGAjkFDzV3cuZpvPWH7Kwum5x",Used,36
153,"14WYuHNgiUESzjXyzo7g5oiedfQKQjv9Gu",Used,34
156,"1GqHS4cJ8ULCk8a1hZEkiWQH6oBSuQB2eh",Used,2
157,"1EiSVtSL13WNanuHSntM1sMigH2zzugQwc",Used,12
162,"1FcZffmTC2AdTUm3fJAYFkm1V7xfSPgpVW",Used,15
164,"134mMFhkuAUyg75tfbEFNiXpNehNut7fgV",Used,27
169,"14p2KMeP6CnrXo2QvYqCQVKzFcrCS8TNXj",Used,23
172,"1Bf1BuYBQCeLF4M9TGDjQdr9E5EBkwj1aZ",Used,37
173,"166KnzZsRAmE1KXGksGeb4dy3Q3WzST2KT",Used,16
175,"1Li4CbYYZ8gtGgfDnR8ppo4b4WTjJaJcqa",Used,24
177,"1DwsykhXsJVDQaKeHsvKNqhyoWdxMEddsK",Used,11
182,"1NeSE2Nx1i9ScyoCRsfFiXv21k4s9TdqCC",Used,9
183,"1PGB8unPsyJv1ZmFkNW1yk7r3jhKn7NCNg",Used,5
184,"19cwEzMebfQ5LWyCDhqAwQfUWPjNa1xwFz",Used,18
185,"12DRdnwDU9k4DDbM7kF3YW88HsZWqobHSU",Used,2
186,"18ojeiHxRSpbu7beU5Y3bBBFjYjTYfsAXa",Used,41
188,"1MBe9zcPixrQpYRKi42HDTXxz7LpSRfxr5",Used,10
189,"1GZjNym7GY3r23SWayG4zYp7GZNZvCgqqk",Used,46
191,"17NCJAHXowcRLiaSYspEAikyWUYuMye8jn",Used,16
192,"12Fn4KG6hTa3cGTFWptmnrneDrQ5kVL7Av",Used,23
195,"13joE8vw4RtPCVfmFSBL8xgNFhr2uGw1uf",Used,37
197,"1PrYcLyHnhLAExYpGmLspjxvLW27NrGWs",Used,1
201,"167okse2MQ27QSXxLwFGUFUM6o4aTDavnJ",Available,15
202,"16xL4gZpX5Do1f2LyacKmEZUigdNBiYAoa",Available,31
204,"1BXxJ1p8wzEmqZ2AGJgWRft7CQdDvYx6MW",Used,28
203,"1Gg74xmnpBVQf7PJbgnfBY8JKVBgnJ8AYu",Used,9
209,"1FSnNgxjMLh8envksFab1MzsKxtHUg1e5t",Available,14
211,"1K9fmGd2AFfYB6qHT6DjZgzz82wrvacTpG",Available,5
213,"16pVAg1fDefTm35o7CSnfSARiEcyg7DhF1",Available,22
215,"1PPBcapJTUxwLbTKXMjZFsUM7MzPFhr7Aq",Available,8
216,"1BGD2GjzgG2sg5EdJ55D2kW5RG2k18js2n",Available,32
217,"1PWDY8AmjDKNGNmkx6RT9ZGTuPs6177Ux8",Available,21
225,"1E1wjefvnxwE78UA7qgBDNMM7AXHnUR2FT",Available,35
226,"165dPG8Jxrhj3HUp87iRLmJtJyqeA6gQFh",Available,31
229,"13c75GVpvsJXhYYqLTqUhHCgvsPvX2pEWh",Available,18
230,"1CWTSHLCp3NFD16yTv9DpDi3terJV945Vd",Available,10
231,"1NqiePfJYePSkyU6Un9wQdEHuzfZPs9Qi4",Available,17
236,"1DncLsqdUj7vGYiGSFczqY3JY8ozQewN2Y",Available,8
240,"18xWKCwc2qUujQAbDYqdD6X44e38gzfq9N",Available,14
241,"1EC9XXm8jgmf2mPB43hiivNqB6C5tHnhmf",Available,32
243,"14LPttuCQySFZPYNUiTztEhsounnp56at9",Available,27
244,"18jUAre54RrYCt5t1EgzR6A9NrJ4TMSgin",Available,2
247,"1PsFkrMecFTvA4skpKeiF5MFZ8XpmM2bdP",Available,44
250,"1FseFWpQVQ4LDMCLV87bnL62q5q8oFB7rc",Available,6
252,"1GK4xqxbwKuiPcNwNGxEr6hN8tGfnrrTPA",Available,26
254,"18oFWfgdmmwAVXTEJpRKtAicA3rccNyV7z",Available,6
259,"1E39bmLZpjRCGVGzEA81no37xRVoLgeahS",Available,43
263,"15jkSw9drgqZACmViY1JBvWSo1zfs9tpWi",Available,18
265,"12h3QjFefQZCcuhAWFirpn5KrXkkBLbzsF",Available,11
268,"1tHusryRciBMVvaGHwZWX5GuEBevhVvLY",Available,40
269,"172gkgsvG7wdUnvjQvtETiDPL9bA8ZdmAW",Available,30
270,"1JPf9LzqEf2UaRmXaD4dDWYhaM1Qk6dd9Z",Available,41
272,"1FXLy67D8mGEynEYqLbR2EY6dr5NwpdAQa",Available,21
274,"18o2apBZ9Ke6QsmtXhZ1wr4R7ZPtjc4UXS",Available,15
275,"1EwPiH9J12zmZ4bDMQKb1CaCTBotwzw2qg",Available,32
282,"1MweUv2eAEf4s1RR4zk64XXXkbwRpWTDUZ",Available,19
283,"1FJm8hZLLiuFSA2ARo7ek1duUHsSMW88tT",Available,45
285,"1H7dHsqw4cguWJYNaSNfjVu5mSXNJ9VsjJ",Available,18
289,"1HcfeeWuZtikrnuym88VSRGEysug7CNG6k",Available,12
291,"1ADsouM4csq98rrWQVLhZg3so8WYTboJrq",Available,11
295,"1AwuZQCyUbX85Bqrz74VQdvPqYSHzJYJKf",Available,5
298,"139iXVUJu5KYqLCsFjhKLkFMjd8g4a6NaL",Available,11
299,"1MppNnSwDBdCTJe8RR28FB2Fi6FGM1v2tW",Available,14
302,"1PNsf9CYovYmUQqwGSo5RrXfWA4wQyxhjw",Available,42
304,"1NL7rt99zUQLXpJV53dChz1DJXH5sMbY4f",Available,7
305,"1Gqfh3j82KRqDzxxT5UANpgWVNTeoknVfh",Available,36
306,"17C9B15CeFAWELS5fvUivg7Foo6hCL9unk",Available,38
220,"1DhhthKYQzPpLjVgdEgej3GUiUFAbh6t5o",Used,33
221,"17JH3FLCaAt9t6DrNRq8KV7koLgAn7boyw",Used,43
222,"13QfWyE5w2Zxm1PsXUPX4J535x5nLQ8idG",Used,2
223,"1AMGWRonHoAjYnG6KeDFkRRuDpNguGq4xh",Used,27
224,"1H8GXhs22VtDRANTXv5vL3s2kMy6T1jUP4",Used,41
227,"1oLkLu5UtVGjoMT9Ejf5S6i2xmj2TumMz",Used,27
228,"19U9gjAXzqgTBbcVF9b4AhcViBuPAPS9bp",Used,25
232,"1Af2kbaCXhVzw1us2CvTgS6jWjnePxCbSH",Used,23
233,"1DD4bSWv1aPkABwkyXcJKZdBQcBqD7y2ao",Used,16
234,"132P49AYUjhCTgM9tDb4EagVKggZsUPf3N",Used,24
235,"17BA5QKpfr51HgJiXuWEr3M3ps53bqfkK4",Used,36
238,"16a9Jb9KEFFq5TDP4AFPm1q4dsxhdj88nJ",Used,28
239,"1GNautVLVKKq64j7Nr4VpBsoCJyZABQkov",Used,2
242,"12C9Ye4Vk4N1XwAxKhv4VTztDUKaNsd3Z7",Used,21
246,"1DC9ExPNuQ64AveZZnknjKqecHigae7Sj2",Used,26
248,"1JqyRZzRJ3z5EDqm9SnxBAX2gxfZbTadpV",Used,32
251,"1Bsst61cP2eLKZ9gzTcAdCEsZknDGmJmNA",Used,18
253,"13X2o4tNXmJexfo7DC2t2ASDKvcLoeoU8H",Used,31
255,"1KxvsEVdmTucUBAqkg8zm56ewivJKHf3Lc",Used,44
256,"15acsh1bzHAo7bG5CKnfUqJrJoZAjG9AV8",Used,28
257,"12dwnMnQfC9cb3V8jJ4nkVdvdEZhqS45LK",Used,19
258,"1Pw8HjweFs2w4qTBEFmgFvABHmyJJr7L3f",Used,14
260,"1CzcvMTsBLtRCrNbXUS4eCHBRikioTgHyG",Used,24
261,"1P28nRKuDnJzbfj3FVEuo6nDSyTr8uBbmn",Used,27
262,"1C9PYnzsP1V72TetQenrZYVYS21aQgJrb8",Used,31
264,"1NrfGUACiqnkGPCvma5eu3PcFVcq5TXorP",Used,44
266,"1Do88ycWHgHzeYJFBky5YNsEbL3CGutc5Q",Used,2
271,"1NSS4Fq9nyQnJv3HLC16y2zCHHucd16PF1",Used,32
273,"182hBzD4MDPjSbrFeGxLSzxfixGMxPVPLA",Used,4
276,"138VhqcDxZgpCaBcFiQTzK1K2QpMncCTFt",Used,19
278,"1HHyQQPWJEXuNcMbghZSqVB2tekkXHYxgY",Used,40
279,"14QfUupSX8LgjaN3Xf9o6P6512QQaXEyqW",Used,37
280,"1KD3Ko2icEm7RBknVSCb7idTqYnqb2mosw",Used,33
281,"1BALRxpbfWGXwUprSJpv8kRMUnqpMz7AXH",Used,34
284,"1Hsuihi5hDjVJAhtDbVkYTWnsPRUhQiw8n",Used,39
286,"1ECA72yyAZpQgcEQJPkYtmSZCkyhXina2a",Used,38
287,"1BFZXBbJetxq6NTeZred9qgoz4KN1tYdTn",Used,24
288,"171MK4pCHLMn43TRukbrifVvvtFYUX5YXb",Used,2
290,"1Awgniug2s3JVTkJrCuzMht2RoxZ1yESXk",Used,4
292,"15dx8mHRYJJ9QVBTcMd32KDfJjL38NCmUf",Used,24
293,"1C9hEnBDkUuLAsqstR2qqFeGF3zyARWBzQ",Used,38
294,"1Eb1oBkEom2HCyC5kC4PCgfv3JTfCXTt2W",Used,31
297,"1QLRe5sAHai9wmgjyCgCvK47WmtxAK6ZH9",Used,23
300,"1HiuZm6q8J8Ludhu94C9js9V9EqGJPu4nu",Used,45
301,"1CZNi9htzfTyuNJfs9r7mapCYagFFfQdLW",Used,11
303,"19pSWKoRuDkenTu7Y4iX8AJHiXdu6AmNXQ",Used,40
205,"12aeaz77Hds3mVHEJF8evabVVQckPUNUNs",Used,8
208,"1DAVkEN1FGr9gWRnevb4DiBtxF47JLK1Qb",Used,39
210,"1DFDwaw2JazZssNJohLsgu7Z6xSfWYLcuR",Used,18
212,"178RtU4J66fnSCxfJzY1MaMfpR28KMj2JG",Used,8
214,"1F88tAJsZjqLpyoJ25pyV9dBa5vzZ63eLi",Used,45
219,"198ycpMK5EnKJ6SfqiEetYBBZCxC4WgncD",Used,33
245,"1968XV3SekYdVYGMx9FZ9yWLrKBy6AouBp",Used,40
310,"1HDdwf6b9UPzL24h5wDs9WQjNUdn9Mkjat",Available,30
311,"1JXR1vN9nnaVSkrzvq7yUMKoSdirjVTRuL",Available,45
317,"1DaxyMDCfCJs1ryiHZArp6J9g3vCSdAwaq",Available,15
319,"13VojhG13AmGSNaw6U3W2n3N4N9oExtFYN",Available,7
320,"1AWNQz46K1snenZS2F4iYKHFsugdq2QCFx",Available,14
322,"1KVEChi2uau5RPTedQPs3pa9spnTRN8xNM",Available,20
323,"1BSuSb8fuwqhYQRjrD8A3XJdoHnrvRJqdr",Available,30
325,"1NC2WTgQQjfXennKiTHZ5fdbseGni6rK8p",Available,8
327,"1QEVS8pExM6hpsChPt4rbhdRfyHTzNcpQx",Available,30
328,"1CkXtYHZToRbg1Hx4cKyEQwPcaUEUyHf85",Available,30
329,"1CGitsesiZnYmV2HaxGEG9PZRsJ3AKFeAh",Available,21
330,"1Lhshhiu14vVdbSF24vLYHYdswT8Lp3oeW",Available,31
332,"1PFdkRkdFGfgGWVVALhw61f6NFRMiGY3mf",Available,42
334,"1CUdzKEvoaNSs3D5ehVJWzo9amywRfVWs7",Available,7
336,"1DdzyF4nSAyd8qJB63KiNdSzaTkW9s7AaE",Available,3
337,"1BETQTzJwTUu3tjH8vyRwEoRtwNxgaRzAN",Available,27
338,"1A9JKgRQi52KWXUncFXWG2rVNcBG4y6ndK",Available,13
340,"18zsbJmqTMPAwt6ibhMBkcr12fB5jyXaoR",Available,33
343,"1BBJHC2J8wHWkRXQKkR8aqwDihEE15dj2h",Available,9
355,"17StqNgKhEtSZVFK4WLJKrA3roHTx9xaXo",Available,10
357,"17RxJfh9fdEjk4cpwHjGJbV82m7RJDiVfM",Available,17
363,"14W4GrzkXFyTncYescyVcRnxLHPm6AUqJJ",Available,18
367,"1eq8tDceE8FXxjjSryUVysWyTi1dkueam",Available,3
368,"1CWe9MpW5Hc3ama5D9EDC7267pg7AdiT6",Available,39
369,"1LbcREbHFFYyEWTh2sKaqJMQwWj18qkGwa",Available,8
370,"182nMaBeQRz47oPqos4vUDW4YczLhtFdJa",Available,46
375,"1HR7CCDMYkk4Po273P2TvQWnxvBRBHDn4f",Available,22
376,"17Tm9S5KDJ5jPctJot1KrhDYvySLNq2r5",Available,4
378,"16YoGbnq8zj8uov6oSiMiVFKF9hEdenoGM",Available,25
380,"1KswTBeDY242PeLwksexseXhQYx7cwb8rm",Available,3
381,"1JQgyaoNAsqNd2aQHZytL6CinzePrHp3d5",Available,10
384,"17R8bMNHJ84VmZryLqVPRtVyffaB6tgyrS",Available,22
387,"1LbHr25JXSgySsRGdhSJW9U7rUYVPX6jWn",Available,19
388,"1JfFj7k8hEW8sVzxWTjZAzsDLo7rSn5Esy",Available,37
391,"1DqGhBtytxmE8tCA5AWBBFPFGNbcHz2R38",Available,2
392,"1PDXmi3k92iH4p14LnmdisWMhLc5ZPpasJ",Available,43
394,"157aMwoKszVyAiLZhZbPZdhZ7mFNYQLCng",Available,1
395,"1DtjhHqURt7FT1mNgHhWrooEdR16FxN9Xj",Available,1
398,"1LzAyfkk4epa7P3X7ccTq6PugUwwxTAnfd",Available,23
399,"1Gxr2V8RuLi1rTx9kg5Cz4Ap4nJ8n3hUVF",Available,32
400,"17bnY7NskvTjqWRVVL4Ts5py8BTKwWm2sY",Available,43
402,"17u5F3VXeCoH5zgoX9k5A2dd95tkuxnWCY",Available,5
405,"15CdX32WecMoDDtGoSRbkq64nU7qqZYU9r",Available,22
407,"15oC22VykCcMa32Bt3iPzhyjpY7UuMNoRh",Available,7
308,"1G7G8cJTdf2sWDc243uVxPrNvucpxxW8wa",Used,35
312,"1KSfm7gYDmGmP2L8fGTDiq5MZpUy45FfJo",Used,6
313,"1KH98FHvxdobFCXoFMyZgPPEYoV4tvxXsf",Used,22
314,"1BpyWcrBwp7Dab5DTTZy2qWBy2G1PoEMYp",Used,5
316,"18s7UdkGp9FFi1i3DZLovHPTfC3hWHQQkv",Used,38
318,"1Gs2meDAMiXuDFYWaf3Y4jsvqjKDkWjeq7",Used,19
321,"1LuanM42g8WwLVmzFKT1WgsmLJ7k1aTCCp",Used,4
324,"1NfRWwvWz7hibN4tViHkH6WSX2dqJPamzM",Used,37
331,"1NKtFjekqvq4EShSXTikrpM7zPYiGz2iBK",Used,18
333,"14NftgpbNLpTp8rSAXHhVtQszVeqJCr2fd",Used,23
339,"1PVTGceVMkurF11W1D32CXFbmTPrzC5nbT",Used,32
341,"12XXFWUZaLkU1oFZuJH5YBE4pjoUoeCiNF",Used,34
342,"1P6kcHnJm3C4oXUbW6EpMboLqNVuxreoS7",Used,29
344,"1LiPt4Kvdpenkm8Mb3eVaoZP61UV3QuYik",Used,30
345,"18VoS2JoM88ih8yBHvXbyrqQRGxwe7LHM3",Used,4
346,"16uQYTUVXdd5BJLfxiougc7yxLufzwiGNg",Used,19
347,"1JC3gVyxKss6rxT9wAhGMNwfY9Xn6GVfpA",Used,39
348,"19Y4YUrb44XnCe6PYLCi4AVLr5jtG2S8eM",Used,7
349,"1Aq2gVUVx4ndvNjUh886jYRUXhNtqrcHwY",Used,3
350,"1LSfc2HMXZQ3cHuvYwR11ezBXQFhY5LBws",Used,44
351,"1FDHmzRirBdnm1FeLmgLHz89KsS5QxN2mB",Used,46
352,"1AUBk6ofMK25sq2zDJRgDwvxdHiTKPwLrm",Used,42
353,"1DZD5B4j2zgWTo8CCtw8uEKr4TjtqYL4sg",Used,7
354,"1LtKcQPHQZDYqgeGc4yzBFGe7zv4bWdgPS",Used,4
358,"1RBgyYCRC5ejXwLB5cys1oXgbAHpLUNAu",Used,12
359,"1KqteMuNbWU4TmmhZmxw8bFzFpGPKgEvev",Used,21
360,"1G56WrK7WpgeKZddqD914zzBp5GLzSSgSB",Used,38
361,"1MB5uXxzvzQMgmebjXnaaZkdLpMD9NF3r1",Used,3
362,"14r7cXFtb5bcs9bqTUxLuFTsVTcyLXW1S7",Used,6
364,"1Kr7GRu1BDUdLtQNXtC8p5h7ukXEifwcsd",Used,4
365,"19G26vA2CUpkja4bwmqXbGapazmNKLwY65",Used,13
366,"1BHrVScV4jTjGZf4rwZve7kGud2nVerA4N",Used,15
371,"1JbXAhiHxHm7fFWsC6WyvCf4NEPD5rnFbB",Used,27
372,"1PiEN5MBL3eLP3Rbxh3woYA8q9t38ztwxR",Used,25
374,"14YDLMfcnMyNmimAoEUJZmNaTNnwp2VMCY",Used,37
377,"1459QJKjciR4tmwdL3FvSSQgZjcJ1Au2UL",Used,28
379,"19QGqbhi9XTcrCPYq6LxGZEakAe5ihiuEX",Used,36
382,"1Ej11NhFxn5Xrhrh6s96kCjgDoxHhyx3MH",Used,16
383,"159fHAFNJX93GMRjyP2iGtD6dyzMfh2JZp",Used,3
385,"1CaHbB3T7M2V4MgndtHjzJBwgw4jbfqstz",Used,11
389,"1CMGmwxnSExukDQqFTyNqLC7sSmYu4HCp7",Used,31
390,"1PUdTPzaQJjihVqZX5Bg2yuVzVqXUs4T2q",Used,8
393,"1J4nSo7skvhXk8YfCWbBLsdQrmqKy1ybVG",Used,37
397,"158abLh973LWF8matrn8BamAh3VN5fBcTM",Used,21
401,"15vMXzgD4knksZboZY2gbug9Tx1FqxZr43",Used,10
403,"1J4CjMXAD9a6EVnpHVLcTLy8rSydUEcGGV",Used,38
404,"1HMezo3cCAyERsSWaf6YuRtW3StZPuzt9R",Used,4
406,"1B9cKxYM8cviiQhD9yWW2UhiQKxVVSxLjz",Used,36
408,"1EgYs8qXftftKXj2GXonMFaExMbqK3WEiq",Used,1
1,"1PVaAMVMxybPVbLkYfubrj6uSTvqhnMJbe",Available,9
5,"1QF8HoDvPKA6V4Q3kWcRbvtVwNfYCRDgif",Available,18
16,"1KyCMKBKggKUaNNa17ZwJSz4H3bmFP7z7x",Available,7
33,"19qVjfx7ewiDHdGjxeNqjKQsugKsvXFivf",Available,7
43,"1CEMKME4QmSsevyRLYzwtYohLTTuU8BHXX",Available,35
63,"1FcNLMKiUwknAVCPGc3pQyC1WUeqsAi4nr",Available,35
78,"18uLhniz8N3kxkoMC599ivfhyUhkpJNpo5",Available,30
98,"1MY2sPVBJgKXnvKNT4fsgb7XJQhdiEQiGY",Available,23
103,"19PTbdActL81koTft82QFmWbCCVVXHsYnb",Available,37
105,"1JfNAX7Hr2s7oaRAbuPkimsnoWZLPYPbLJ",Available,1
415,"1FzkwcgpBtUMZ2uzF5zUz21raQpUsTnYX6",Available,9
420,"1A4Kk6C44zUXLQu4MFepenGmrmQnjWo1Wj",Available,4
422,"1GXhsLDkjnztMmE6whkjuwujSji8WqXyQx",Available,4
423,"1HNsv855j1HJQrq5ar1YFxsAHwN13d4UjG",Available,13
426,"1Kd3nkkCP6KkuZr8jyG7ySX1RNyM3aGE97",Available,9
427,"1G5mwPz2ymACdDVtzubxd57kr7wGQU9Tad",Available,7
429,"15ixG78DAKyMt4HcRkZ22SSTuTdRsm4526",Available,3
430,"1AQwdRSP6PiwaF2TkcRS5iL96QWjjw7vgg",Available,43
433,"17Dt2ygJgtz64CtRWE3ZDfDRdfcL9b5jYJ",Available,38
434,"1GRejrqzoBomFzfFvPN1os543h8iPX3xPx",Available,31
439,"1Gmvs5XKgGCx4W42Uh1Tt8SFBSHGnUEaED",Available,3
440,"1ApPA19X5XSdMV48WqY6P2MgwroT5tjias",Available,18
444,"1KRUAysRBGWKWpVu1D3mxiYHmneAucSu7a",Available,3
446,"1HfpKxB7vfpPxzyhq7yvy8ifKb6NNZRYJC",Available,2
448,"1J2ngNYTiC2CDWQk2a1LwSLueqGk3xS87y",Available,15
449,"1MzmYayBkHCzeBjm4zYk8sXfQvPivP9nXG",Available,13
450,"1NDQPd5LpgMHc8h3w67XyBiebNzCN2Cn3Y",Available,30
452,"15Gc7GYcnAvzWPXrkrBNqQJKjEu7pHp1Qi",Available,33
456,"1CDormtpvyDGEyeGzajYNgJHjj69qM4w6q",Available,10
458,"1MeANdUpd6N1qfP9qeJ5dGDqncws1JcnuB",Available,21
460,"13mvAmf8GY6sLM8Bacw8DTUKDrVPA8pn4w",Available,22
461,"17pGNCWogDXWsiEeC12g64hxoiyAxu9V7e",Available,29
463,"16s4HB1ee7ti4G5iFsNpGLfw9Kg9W5oznM",Available,21
464,"1NSN8thJuumZ1HFpQ8U492qe3fE81fdfAS",Available,40
467,"1PfiDQvDJtqLQVEtQwDucGhzope8SWvyaz",Available,20
468,"1G4HxFuZUf2GEyJT3oAw53WQhBf6qvZkD",Available,42
469,"18jcQ8bZ3xAzxnrPzm1B5dKFdkNigFBKBz",Available,8
470,"1JViFkBSh5UZEAUH24jXSVPuRtawCMQN61",Available,15
471,"1JSPjSPgLGy3SjRajinM8q9KzjUNyZtCzz",Available,8
472,"1DqVcTq5daPFmzq21mEnax9LdDDwv4FQRj",Available,46
481,"13qJzVutPvoPN5cHVsdsrsYSqaaukGawwm",Available,2
484,"1Pwgd3JHigPnEmuHLptEP76FEyRkYv7GQa",Available,32
486,"1BmG37wfrjv1tJL6ku8nUvxgyrV8GMcKEb",Available,26
487,"1FFD9KfCWUTznJLxtsxWZsbNX9pPkazsmm",Available,14
488,"1Mrpa9wxJwfwbw475KojS1kiQCVjHp4sWj",Available,18
491,"13PvYWd6iLRz7zk6es1uhVu6PJgNaxT5Dz",Available,2
493,"1MvBosJD9LBaEt8oTyCtntw38T2fErYT1w",Available,38
495,"11sECeum1gcSbWo76W87sWXMqmwfQtMfZ",Available,45
496,"1G5ogQLp8zvdXgUWLm5NiYmcrpYCfJsffF",Available,26
497,"1EtHJ4wjS9YzSrc9nRjGiMnjMQfcNCTfVV",Available,41
498,"1maDq9jKY4wPtYx4HeXczvZE7ExXxRn59",Available,29
499,"1DKvtZ5vQDZdyZqgKCW6KHZxWntnAax8NZ",Available,29
500,"1CphceBdcaRyHx15Y2yrBzra3cy5eRqY7W",Used,33
410,"12bzFhgNBmP5eJ5inXgzJKctPy4T2dY74x",Used,23
412,"19BNwWgvTKb8N6ksPUc3egRSgfqubynyHS",Used,1
413,"1Epaw8YE3TqMwreqovvjxAjCnGNgwtb2wN",Used,29
414,"1CZGw2u71Auun2rtbPh8YfrULxrVVHBPZe",Used,35
416,"1GtXAqeZVSt7VC7uUNeVabE7bLQE3hVVMJ",Used,23
417,"17LP6yG5JcRb5s4Wd6cXg9tfLPvhHJy65d",Used,12
418,"1PFhMwEX1hVg6WufQvM13TQXxQTnAtZSeS",Used,39
419,"1P22r6H2KmNgViBfVh98anWBzQ7FmK5KwV",Used,11
421,"18CUkA9jcibRrjfFvtdnCRFzKsJU8aFBZF",Used,39
424,"1AYuy8i5CN1W7vGxsHeR6EYDLsPWEYX66U",Used,4
425,"1GrRETVyC7d1Sjn19RFR9jKMYZht6L1qrN",Used,1
431,"1BnZdfXRob5ydC1Caoe1HJFUnjbcQnoSGE",Used,9
432,"1Eiq3986ZMM3xG4kFMdsXsdHn5LFhhnfxm",Used,21
435,"1L3uAMjkiiztphutucgjusThB7Fa7dFLUG",Used,38
436,"1PUu3Cur1Tz6LqpNE9NTQBMgX8SMYTj9DU",Used,4
437,"1L7uQyot5SmQdb8QGDuzrbKhutRAfoJhVA",Used,34
438,"15bmR7EQkUwWKmgEUBX9D5M8naypynpX72",Used,7
441,"17BpEyAcNtHNcZ8HnDnboDA9v1DXhU83AC",Used,44
443,"16oMKnaczU6yN5ejkV9hhCE7qotUGav2RW",Used,17
445,"19uBsBQWUURfyVV9Hu3sr2NaWRiHCv5wZ9",Used,6
447,"1MfuSA3cRBX7LREkttBac215k3Eo8DH3Pp",Used,10
451,"14eiMGKtmHSG5icm1dRFbWDQv9AZGwWkju",Used,19
454,"12yA5DMxoxLt31opCYQPvTWugFcoxyfMYg",Used,41
455,"13KLYBqHCZEwN2Ltcqq8PHAPEmr9BizZ8B",Used,26
457,"1EUhxMxZXTmVw2XgeaUfN3pXGcrnkw7SN8",Used,16
459,"172ReqJQ18M8Sj9aWycv8quPg5gBL4GKF3",Used,34
462,"1MdDf99V6NE4kxiFFzFPe8sYBNBHt88gUX",Used,10
465,"1C3QbTgVsePmHwKX4L8x1vGa3yfexohLm3",Used,7
473,"1HXiPRsQk2Mkn5ZGCjrYZRBrNZ1ydKHsmD",Used,43
474,"1KfGmYSyru3EZYHZFfikoKCa4KifP7SVLe",Used,43
475,"1G6Af1N1APZEu2dVJPXXpnv4bkW2oJ477o",Used,30
476,"1F4GYUe2x6b2QKGtzvLPB62qmrSqyrncT8",Used,31
478,"175Z6tqyT7Vrafvzyjsd8BMLCVmJWmiGvd",Used,10
479,"18tDJ219jD7B7teyTTreJfwCM9R5RYzF2a",Used,17
480,"12RyYok4mHuYbtqoNW6ARVAFtk73Bc5dKr",Used,7
482,"15US2xtCs2qgymsQUi6crhtovvurfo2jhV",Used,11
483,"18Ksh8epcCHA4wTWAVdoaey61inLU8pRnv",Used,10
485,"15FCMjuVFa62E6wkQnyf1ChWvqTPoVv2rr",Used,12
489,"13Tw7aCP74E8hsU1z9jeR6CiaBjPst6Qkn",Used,11
490,"1bXBcLgUTemahoTEQ93JwAzLRAdWYZ1Wg",Used,35
494,"1M6sxSUoX9d95E4C4dYxAyooMmcvVJmaxB",Used,26
121,"1CJcGmiBryE7pG7tMwZHycBJndvDovVMo7",Available,4
138,"19g1ZV947KDQuYnUvx2emPgw6XHgNaECpD",Available,22
158,"1FG8pqvmWmrYiasQ8586NUxa7oGwRLuq4p",Available,38
167,"15ih7tAZ3BGyp2cSF7MT9xQghpc1TZHiKb",Available,8
179,"1DaDgBuY8aPdB3vghkyT4hvQPNNQPSWsdg",Available,15
196,"1NAkenNEyZhgxgwoEd78jVDALxCSJB333y",Available,12
206,"1LtKz1KLLHMc34VHAkXmhQXZdDixsZF8hi",Available,11
207,"1D64jAgygfZANSY14fkwzjk4qJSg3Rjj9G",Available,13
218,"1MCjKXWRSq2bhahtrZhApzA8kjjfjPhcNY",Available,10
237,"1PErNncKb2t9CoKTj4jZPS3A1LiWp8a36L",Available,6
249,"1Lz3cXrWafKfd9NUE5AQBJUg2irex3tWrU",Available,27
267,"1AEfst7URCLK1bn19NkqY2ogMqkyjS2xry",Available,24
277,"1JszUo8EJYbVhpHUjrLCrTQmkAE4A3SA5m",Available,33
296,"1KN6jQ96yRLnJ4oT675ekG9gXDrW5VtauP",Available,14
309,"1G9VjApTtv8SYhTQZadnq1wMmtnW7EXoJ",Available,36
315,"19KJkjJBx3aUw51d19GLECy8sJwCRDEgRQ",Available,1
326,"12SqonFLip4Eyy9v1PBzCKffKxNBSA2cs8",Available,14
335,"14Ce8pwTv2cYKkz41cAc8pxuJzhh4mLLdr",Available,24
356,"1A5KXL6yDUewj9afC7Tg3ryN6VNocPFRkT",Available,34
373,"159BkFoXVhZquEeRtGFfWiPejA7QZp3TDu",Available,14
386,"172qym3pJaEFroviKMek7BwMnxBVJ2Qqrm",Available,40
396,"14iPY1FNS56MK53sLEKygcd2q6mAYPhjtn",Available,32
409,"18NnSY8NWWTQQhxx25VDNmrU8Ug3hRZJuV",Available,23
411,"1ND6Ljh3K4hAvYosuMMUZiVWxiWB6hx69r",Available,30
428,"1PNZywbGuLidJbMxbXp7XnycGowiF4JLWY",Available,2
442,"1PgSrjK6AwNQtk1J9AHEXfCyT55tpjHtK2",Available,28
453,"12cxdfBWDgA9CjdVp6gHiuRZVkDM2DZsMP",Available,46
466,"1JdNqjzwquaGBitrsBSK2KAGHr5yeJQ6Nf",Available,35
477,"1Q72QUQujA2XV7bAKVtz9gBkW4DNg9XbT3",Available,32
492,"1FvqZ3wdWYMxPBU82HmLycYaP2NetCqexF",Available,29
307,"12Jd2yzEYuxnkWZ72TxyY4b7AMwkrHqQUR",Used,6
